sboqtut;CREATED;2020-09-02 07:25;2020-09-12 01:14;2020-10-09 20:43;[670, 676, 679];[93];651
inwe;CREATED;2020-09-07 11:07;2020-09-18 08:04;2020-10-06 00:25;[686, 685, 684, 664];[92];651
vqsitgh;CREATED;2020-09-10 05:46;2020-09-20 00:17;2020-10-10 00:46;[683, 673, 664];[92];651
cyfpgod;CREATED;2020-09-07 05:13;2020-09-12 01:26;2020-10-03 15:59;[662, 682, 677];[97];651
edh;CREATED;2020-09-05 00:33;2020-09-11 23:25;2020-10-03 16:23;[679, 664, 672, 682];[97];651
sbtx;CREATED;2020-09-06 01:12;2020-09-11 16:22;2020-10-08 03:27;[672, 663, 684];[95];651
vodzdqn;CREATED;2020-09-09 21:14;2020-09-17 11:11;2020-10-09 07:05;[675, 671, 662];[92];651
ydqaq;CREATED;2020-09-08 22:58;2020-09-18 02:30;2020-10-07 09:55;[673, 677, 677];[96];651
vnka;CREATED;2020-09-05 07:26;2020-09-15 15:40;2020-10-09 20:57;[667, 666, 668];[93];651
rssi;CREATED;2020-09-09 15:34;2020-09-20 10:09;2020-10-02 07:20;[686, 667, 677, 684];[95];651
ejfx;CREATED;2020-09-08 11:46;2020-09-18 15:36;2020-10-07 13:17;[674, 688, 667, 679];[92];651
een;CREATED;2020-09-02 23:39;2020-09-14 04:51;2020-10-06 07:06;[673, 662, 686, 690];[96];651
gaw;CREATED;2020-09-04 12:25;2020-09-15 18:37;2020-10-04 23:09;[688, 669, 678, 664];[93];651
ihz;CREATED;2020-09-06 14:45;2020-09-12 07:25;2020-10-08 07:49;[680, 677, 679, 675];[95];651
irkip;CREATED;2020-09-05 04:59;2020-09-18 09:50;2020-10-10 07:09;[676, 686, 662];[93];651
avl;CREATED;2020-09-04 01:55;2020-09-18 22:25;2020-10-07 01:24;[663, 670, 667];[97];651
jmxee;CREATED;2020-09-02 22:57;2020-09-16 02:37;2020-10-02 10:03;[679, 670, 662];[95];651
ugpfdg;CREATED;2020-09-01 20:10;2020-09-15 05:48;2020-10-02 00:01;[672, 664, 667];[93];651
vlpxb;CREATED;2020-09-06 20:54;2020-09-15 06:11;2020-10-03 10:31;[677, 666, 684, 678];[92];651
wpcmvad;CREATED;2020-09-10 09:58;2020-09-17 01:24;2020-10-03 18:08;[675, 690, 683];[96];651
soi;CREATED;2020-09-05 00:58;2020-09-19 10:55;2020-10-09 08:41;[662, 674, 683, 683];[92];651
vfcx;CREATED;2020-09-09 17:33;2020-09-14 14:50;2020-10-02 06:44;[680, 665, 681];[94];651
xce;CREATED;2020-09-07 00:00;2020-09-15 21:58;2020-10-07 21:45;[672, 681, 688];[95];651
ckjkg;CREATED;2020-09-04 15:28;2020-09-15 08:52;2020-10-09 21:04;[688, 687, 674, 688];[94];651
qeiwncx;CREATED;2020-09-04 20:53;2020-09-14 09:13;2020-10-09 11:08;[680, 669, 690, 689];[92];651
emhzpt;CREATED;2020-09-03 10:39;2020-09-13 10:35;2020-10-09 17:11;[671, 690, 678];[97];651
plzwov;CREATED;2020-09-08 20:40;2020-09-15 15:33;2020-10-07 05:57;[690, 668, 689, 671];[97];651
lsc;CREATED;2020-09-02 08:53;2020-09-18 16:49;2020-10-06 17:44;[682, 673, 664];[94];651
mnzmevj;CREATED;2020-09-07 21:08;2020-09-17 19:16;2020-10-03 02:44;[686, 683, 686];[97];651
draw;CREATED;2020-09-09 19:24;2020-09-11 22:00;2020-10-10 08:45;[667, 684, 685];[94];651
wdlnahb;CREATED;2020-09-06 16:06;2020-09-20 09:46;2020-10-07 03:01;[664, 662, 689];[95];651
cvm;CREATED;2020-09-04 17:02;2020-09-16 16:42;2020-10-04 08:39;[684, 671, 690, 677];[94];651
hge;CREATED;2020-09-08 04:13;2020-09-14 10:39;2020-10-01 23:32;[681, 683, 684, 673];[94];651
vjrr;CREATED;2020-09-08 21:23;2020-09-12 20:59;2020-10-04 14:57;[685, 671, 682, 679];[92];651
tzjj;CREATED;2020-09-05 03:18;2020-09-17 18:46;2020-10-07 15:28;[668, 664, 683];[93];651
mcxdd;CREATED;2020-09-03 08:36;2020-09-15 00:55;2020-10-06 08:19;[666, 674, 666];[95];651
sqvpeg;CREATED;2020-09-07 22:25;2020-09-11 18:59;2020-10-03 15:41;[683, 665, 686, 668];[94];651
fwztwi;CREATED;2020-09-06 12:55;2020-09-20 03:03;2020-10-03 09:01;[688, 679, 679];[96];651
ptn;CREATED;2020-09-05 22:17;2020-09-12 04:48;2020-10-08 22:12;[690, 664, 668];[96];651
ghajzp;CREATED;2020-09-07 19:02;2020-09-13 06:37;2020-10-07 13:39;[665, 665, 668, 672];[97];651
qhgjdsv;CREATED;2020-09-04 14:16;2020-09-15 04:05;2020-10-05 11:15;[676, 668, 685];[95];651
wir;CREATED;2020-09-08 03:18;2020-09-15 01:10;2020-10-06 17:43;[681, 680, 682];[92];651
vaeevr;CREATED;2020-09-06 23:45;2020-09-14 04:50;2020-10-09 21:26;[662, 675, 666, 673];[96];651
aqbivk;CREATED;2020-09-02 16:11;2020-09-12 10:25;2020-10-07 16:39;[664, 662, 677];[93];651
qla;CREATED;2020-09-08 01:24;2020-09-15 18:48;2020-10-07 23:08;[684, 671, 675];[97];651
vedrw;CREATED;2020-09-02 14:14;2020-09-20 04:27;2020-10-09 00:17;[689, 673, 687];[96];651
sfhskad;CREATED;2020-09-06 13:19;2020-09-15 01:35;2020-10-03 03:24;[672, 678, 678, 671];[97];651
tnomgto;CREATED;2020-09-07 01:12;2020-09-17 09:16;2020-10-02 09:46;[688, 689, 682, 679];[92];651
gdvqqo;CREATED;2020-09-06 14:01;2020-09-18 07:31;2020-10-06 19:21;[689, 689, 670, 665];[94];651
povvo;CREATED;2020-09-07 16:55;2020-09-17 21:50;2020-10-07 13:38;[671, 674, 690, 662];[92];651
ayo;CREATED;2020-09-08 21:37;2020-09-13 14:32;2020-10-06 20:12;[690, 665, 687];[97];651
gmnnfx;CREATED;2020-09-09 03:20;2020-09-17 16:32;2020-10-03 13:32;[663, 672, 673, 681];[94];651
pzyu;CREATED;2020-09-06 03:52;2020-09-18 13:14;2020-10-01 20:59;[678, 678, 679];[94];651
hptxaht;CREATED;2020-09-05 08:22;2020-09-12 19:14;2020-10-05 17:06;[679, 667, 675, 669];[95];651
kbxhsz;CREATED;2020-09-06 21:39;2020-09-19 16:30;2020-10-07 23:48;[679, 687, 664];[94];651
iwq;CREATED;2020-09-05 21:20;2020-09-11 18:33;2020-10-03 22:46;[683, 684, 662, 665];[96];651
irakdn;CREATED;2020-09-10 05:50;2020-09-15 11:21;2020-10-04 20:50;[673, 678, 686, 662];[97];651
rdgitai;CREATED;2020-09-07 23:20;2020-09-14 07:38;2020-10-07 12:55;[682, 678, 668, 669];[96];651
nvfv;CREATED;2020-09-09 05:20;2020-09-18 09:56;2020-10-05 21:31;[674, 666, 682];[95];651
zrfds;CREATED;2020-09-03 13:38;2020-09-15 07:55;2020-10-02 23:01;[673, 669, 682, 674];[95];651
oxsu;CREATED;2020-09-06 12:18;2020-09-11 18:24;2020-10-09 20:10;[673, 670, 675];[94];651
uldiyhk;CREATED;2020-09-04 16:06;2020-09-13 22:03;2020-10-05 03:22;[688, 666, 667, 682];[95];651
ffzqyz;CREATED;2020-09-08 19:21;2020-09-14 03:52;2020-10-09 21:09;[672, 663, 690, 675];[96];651
fjfy;CREATED;2020-09-03 15:37;2020-09-17 17:09;2020-10-08 18:55;[672, 678, 672];[96];651
tzkxo;CREATED;2020-09-03 18:30;2020-09-16 08:20;2020-10-03 01:31;[685, 673, 680, 666];[92];651
fsu;CREATED;2020-09-02 01:46;2020-09-17 17:34;2020-10-09 19:28;[665, 690, 671];[93];651
oqnxdo;CREATED;2020-09-07 18:43;2020-09-18 19:49;2020-10-04 00:19;[683, 666, 674];[97];651
zatxhtf;CREATED;2020-09-07 05:35;2020-09-19 00:07;2020-10-08 11:02;[679, 676, 684];[92];651
fgmi;CREATED;2020-09-07 11:39;2020-09-19 12:27;2020-10-09 20:44;[685, 675, 674];[96];651
tgpgfgg;CREATED;2020-09-05 13:09;2020-09-18 09:40;2020-10-09 09:06;[678, 669, 690, 674];[95];651
xcj;CREATED;2020-09-08 08:20;2020-09-20 06:13;2020-10-09 01:30;[683, 676, 675, 687];[93];651
nvh;CREATED;2020-09-02 06:17;2020-09-12 23:01;2020-10-05 15:03;[662, 675, 687];[94];651
khz;CREATED;2020-09-05 11:16;2020-09-13 02:49;2020-10-03 07:52;[666, 684, 666];[92];651
bdhx;CREATED;2020-09-04 07:20;2020-09-14 11:09;2020-10-07 00:03;[673, 668, 689];[93];651
pcsqww;CREATED;2020-09-02 04:33;2020-09-16 16:34;2020-10-06 01:00;[667, 672, 682, 674];[92];651
uazmv;CREATED;2020-09-09 09:02;2020-09-15 11:17;2020-10-09 20:28;[688, 673, 681];[92];651
lkm;CREATED;2020-09-08 03:47;2020-09-12 14:37;2020-10-04 18:36;[664, 675, 663];[93];651
icfjfc;CREATED;2020-09-02 09:55;2020-09-17 04:42;2020-10-07 20:37;[684, 681, 671];[96];651
wxezu;CREATED;2020-09-03 12:21;2020-09-12 16:38;2020-10-02 02:30;[665, 675, 675, 664];[93];651
cajdt;CREATED;2020-09-08 19:38;2020-09-14 15:50;2020-10-02 16:08;[664, 663, 671, 681];[94];651
lhzwt;CREATED;2020-09-02 10:08;2020-09-19 00:39;2020-10-10 06:49;[675, 683, 677, 667];[95];651
rlt;CREATED;2020-09-05 20:40;2020-09-20 09:16;2020-10-09 06:23;[663, 675, 667, 684];[94];651
rwke;CREATED;2020-09-09 20:14;2020-09-13 10:16;2020-10-04 12:01;[686, 690, 680];[94];651
jftbk;CREATED;2020-09-07 14:09;2020-09-19 05:31;2020-10-02 14:38;[667, 682, 682];[93];651
tvrqli;CREATED;2020-09-08 23:05;2020-09-14 05:40;2020-10-06 18:00;[682, 672, 687];[95];651
jzd;CREATED;2020-09-09 23:28;2020-09-15 13:53;2020-10-10 07:05;[671, 688, 683, 684];[94];651
miqmgpc;CREATED;2020-09-08 08:31;2020-09-15 00:58;2020-10-06 19:21;[665, 671, 680];[92];651
jgtkpuy;CREATED;2020-09-02 06:41;2020-09-19 22:19;2020-10-02 15:13;[679, 685, 668, 679];[95];651
chgdftg;CREATED;2020-09-08 16:57;2020-09-17 12:53;2020-10-10 03:34;[673, 687, 670];[94];651
hpr;CREATED;2020-09-08 03:23;2020-09-16 10:46;2020-10-02 08:51;[668, 673, 667, 663];[96];651
qnkdet;CREATED;2020-09-04 20:39;2020-09-12 03:40;2020-10-07 06:47;[688, 675, 672, 664];[93];651
npbpt;CREATED;2020-09-03 13:32;2020-09-11 14:22;2020-10-01 19:28;[665, 679, 664];[92];651
aah;CREATED;2020-09-03 08:42;2020-09-20 00:55;2020-10-09 22:36;[674, 688, 690];[97];651
tnjyf;CREATED;2020-09-09 19:55;2020-09-17 15:29;2020-10-05 10:57;[681, 684, 673, 678];[97];651
jkdtfiv;CREATED;2020-09-03 17:20;2020-09-20 09:21;2020-10-06 16:08;[674, 674, 688, 685];[96];651
fomvj;CREATED;2020-09-07 02:47;2020-09-19 14:34;2020-10-04 14:17;[667, 683, 677, 668];[95];651
ohcityq;CREATED;2020-09-03 16:13;2020-09-20 06:45;2020-10-06 22:03;[689, 672, 665];[96];651
kou;CREATED;2020-09-10 00:00;2020-09-13 13:34;2020-10-03 06:38;[664, 681, 683];[93];651
mqql;CREATED;2020-09-09 16:20;2020-09-14 20:55;2020-10-06 05:56;[688, 662, 690, 684];[96];651
qtf;CREATED;2020-09-01 16:53;2020-09-17 06:38;2020-10-01 17:35;[682, 679, 688, 671];[96];651
